Date;Level;Message
"2025-08-29 09:34:51";NOTICE;"Post updated: 297"
"2025-08-29 09:35:02";NOTICE;"Post updated: 297"
"2025-08-29 10:46:10";NOTICE;"Post updated: 297"
"2025-08-29 11:15:23";NOTICE;"Post updated: 297"
"2025-08-29 11:46:56";NOTICE;"Post updated: 297"
"2025-08-29 12:32:44";NOTICE;"Post updated: 297"
"2025-08-29 12:34:12";NOTICE;"Post updated: 297"
"2025-08-29 14:05:01";NOTICE;"Post updated: 354"
"2025-08-29 14:26:44";NOTICE;"Post updated: 354"
"2025-08-29 14:28:39";NOTICE;"Post updated: 354"
"2025-08-29 14:31:58";NOTICE;"Post updated: 354"
"2025-08-29 14:57:25";NOTICE;"Post deleted: 381"
"2025-08-29 14:58:42";NOTICE;"Post updated: 354"
"2025-08-29 15:01:14";NOTICE;"Post updated: 354"
"2025-08-29 15:04:59";NOTICE;"Post updated: 354"
"2025-08-29 15:24:46";NOTICE;"Post updated: 354"
"2025-08-29 15:25:17";NOTICE;"Post updated: 354"
"2025-08-29 15:25:35";NOTICE;"Post updated: 354"
"2025-08-29 15:52:05";NOTICE;"Post updated: 354"
"2025-08-29 15:52:24";NOTICE;"Post deleted: 392"
"2025-08-29 15:52:36";NOTICE;"Post updated: 354"
"2025-08-29 16:56:44";NOTICE;"Post updated: 395"
"2025-08-29 17:07:20";NOTICE;"Post updated: 395"
"2025-08-29 17:09:15";NOTICE;"Post updated: 395"
"2025-08-29 17:11:14";NOTICE;"Post updated: 395"
"2025-08-29 18:07:21";NOTICE;"Post updated: 395"
"2025-08-29 18:10:23";NOTICE;"Post updated: 395"
"2025-08-29 18:16:53";NOTICE;"Post updated: 395"
"2025-08-29 18:18:41";NOTICE;"Post updated: 395"
"2025-08-29 18:22:09";NOTICE;"Post updated: 395"
"2025-08-29 18:22:47";NOTICE;"Post updated: 395"
"2025-08-29 18:48:16";NOTICE;"Post updated: 395"
"2025-08-29 18:56:54";NOTICE;"Post updated: 395"
"2025-08-29 19:35:17";NOTICE;"Post updated: 395"
"2025-08-29 19:36:13";NOTICE;"Post updated: 395"
